Bill_ID,DateTime,Item,SKU,Quantity,Unit_Price,Total_Amount,Payment_Type
BILL00001,2024-03-17 23:39:00,Cold Brew,SKU006,2,200,400,Cash
BILL00002,2024-02-02 22:32:00,Caramel Macchiato,SKU004,4,220,880,Wallet
BILL00003,2024-02-11 12:42:00,Croissant,SKU009,3,120,360,Card
BILL00004,2024-02-10 20:46:00,Caffè Latte,SKU001,1,180,180,Cash
BILL00005,2024-03-16 12:56:00,Iced Americano,SKU007,4,160,640,Cash
BILL00006,2024-01-04 03:28:00,Caramel Macchiato,SKU004,4,220,880,Wallet
BILL00007,2024-02-17 05:46:00,Blueberry Muffin,SKU010,3,140,420,UPI
BILL00008,2024-03-04 03:21:00,Caffè Latte,SKU001,4,180,720,Card
BILL00009,2024-03-01 17:33:00,Caffè Latte,SKU001,3,180,540,Cash
BILL00010,2024-02-15 04:25:00,Mocha,SKU005,1,210,210,Card
BILL00011,2024-03-28 01:36:00,Cold Brew,SKU006,3,200,600,Cash
BILL00012,2024-01-14 13:36:00,Caramel Macchiato,SKU004,1,220,220,Wallet
BILL00013,2024-03-26 09:11:00,Cappuccino,SKU002,4,170,680,Card
BILL00014,2024-01-29 08:18:00,Blueberry Muffin,SKU010,2,140,280,Cash
BILL00015,2024-03-01 01:38:00,Caffè Latte,SKU001,2,180,360,Card
BILL00016,2024-02-23 19:29:00,Iced Americano,SKU007,4,160,640,UPI
BILL00017,2024-02-07 23:18:00,Caffè Latte,SKU001,3,180,540,Wallet
BILL00018,2024-01-14 00:43:00,Caffè Latte,SKU001,1,180,180,UPI
BILL00019,2024-02-15 07:23:00,Espresso,SKU003,2,150,300,Cash
BILL00020,2024-02-14 17:33:00,Iced Americano,SKU007,1,160,160,UPI
BILL00021,2024-02-03 00:17:00,Frappuccino,SKU008,4,250,1000,Wallet
BILL00022,2024-03-25 15:06:00,Croissant,SKU009,3,120,360,Card
BILL00023,2024-01-11 01:18:00,Frappuccino,SKU008,4,250,1000,Cash
BILL00024,2024-01-15 10:51:00,Caffè Latte,SKU001,3,180,540,Card
BILL00025,2024-02-21 01:09:00,Iced Americano,SKU007,1,160,160,UPI
BILL00026,2024-03-06 02:52:00,Iced Americano,SKU007,2,160,320,UPI
BILL00027,2024-03-29 12:09:00,Caramel Macchiato,SKU004,2,220,440,UPI
BILL00028,2024-03-15 18:58:00,Cold Brew,SKU006,4,200,800,Cash
BILL00029,2024-03-06 02:49:00,Blueberry Muffin,SKU010,2,140,280,Wallet
BILL00030,2024-02-03 01:16:00,Croissant,SKU009,3,120,360,Wallet
BILL00031,2024-01-29 08:36:00,Cappuccino,SKU002,2,170,340,Card
BILL00032,2024-02-28 19:42:00,Croissant,SKU009,1,120,120,Wallet
BILL00033,2024-01-08 13:04:00,Espresso,SKU003,2,150,300,Wallet
BILL00034,2024-03-02 15:25:00,Croissant,SKU009,1,120,120,Wallet
BILL00035,2024-02-18 10:08:00,Frappuccino,SKU008,3,250,750,Cash
BILL00036,2024-02-15 21:23:00,Iced Americano,SKU007,2,160,320,UPI
BILL00037,2024-01-10 02:46:00,Frappuccino,SKU008,1,250,250,Cash
BILL00038,2024-01-07 01:58:00,Iced Americano,SKU007,2,160,320,Wallet
BILL00039,2024-01-14 13:47:00,Mocha,SKU005,3,210,630,Card
BILL00040,2024-03-11 12:03:00,Caffè Latte,SKU001,3,180,540,UPI
BILL00041,2024-02-07 22:59:00,Blueberry Muffin,SKU010,1,140,140,Wallet
BILL00042,2024-03-24 07:40:00,Cappuccino,SKU002,1,170,170,Card
BILL00043,2024-03-30 13:43:00,Mocha,SKU005,2,210,420,Card
BILL00044,2024-02-12 08:13:00,Cappuccino,SKU002,1,170,170,UPI
BILL00045,2024-02-16 03:48:00,Frappuccino,SKU008,1,250,250,UPI
BILL00046,2024-03-17 02:23:00,Croissant,SKU009,1,120,120,Cash
BILL00047,2024-01-15 05:07:00,Espresso,SKU003,3,150,450,Card
BILL00048,2024-03-25 07:27:00,Espresso,SKU003,2,150,300,Wallet
BILL00049,2024-03-05 02:40:00,Cappuccino,SKU002,1,170,170,Cash
BILL00050,2024-01-20 22:32:00,Caffè Latte,SKU001,2,180,360,Wallet
BILL00051,2024-03-23 10:57:00,Caramel Macchiato,SKU004,2,220,440,Wallet
BILL00052,2024-01-04 04:47:00,Frappuccino,SKU008,3,250,750,Cash
BILL00053,2024-03-30 07:44:00,Espresso,SKU003,1,150,150,Wallet
BILL00054,2024-03-15 23:38:00,Cold Brew,SKU006,4,200,800,Wallet
BILL00055,2024-02-26 03:15:00,Caffè Latte,SKU001,2,180,360,UPI
BILL00056,2024-03-16 14:17:00,Caffè Latte,SKU001,1,180,180,UPI
BILL00057,2024-02-23 02:11:00,Iced Americano,SKU007,4,160,640,Wallet
BILL00058,2024-01-06 20:41:00,Croissant,SKU009,1,120,120,Card
BILL00059,2024-01-24 08:07:00,Blueberry Muffin,SKU010,1,140,140,Cash
BILL00060,2024-02-09 17:51:00,Mocha,SKU005,1,210,210,UPI
BILL00061,2024-02-20 03:41:00,Caffè Latte,SKU001,2,180,360,Wallet
BILL00062,2024-03-09 09:42:00,Espresso,SKU003,3,150,450,Wallet
BILL00063,2024-02-11 00:21:00,Cappuccino,SKU002,2,170,340,Wallet
BILL00064,2024-01-21 03:54:00,Cold Brew,SKU006,2,200,400,Card
BILL00065,2024-03-17 07:25:00,Croissant,SKU009,2,120,240,UPI
BILL00066,2024-03-18 22:41:00,Croissant,SKU009,1,120,120,Wallet
BILL00067,2024-03-06 06:29:00,Espresso,SKU003,3,150,450,Wallet
BILL00068,2024-01-07 18:54:00,Cold Brew,SKU006,4,200,800,Wallet
BILL00069,2024-02-27 22:03:00,Cappuccino,SKU002,4,170,680,Wallet
BILL00070,2024-02-08 22:09:00,Blueberry Muffin,SKU010,3,140,420,UPI
BILL00071,2024-02-20 21:21:00,Frappuccino,SKU008,3,250,750,Wallet
BILL00072,2024-01-28 19:32:00,Mocha,SKU005,1,210,210,UPI
BILL00073,2024-03-25 18:25:00,Frappuccino,SKU008,4,250,1000,Card
BILL00074,2024-01-27 09:35:00,Iced Americano,SKU007,2,160,320,Wallet
BILL00075,2024-02-01 06:24:00,Cold Brew,SKU006,3,200,600,Cash
BILL00076,2024-02-27 23:20:00,Croissant,SKU009,1,120,120,UPI
BILL00077,2024-03-27 00:48:00,Caramel Macchiato,SKU004,1,220,220,Wallet
BILL00078,2024-02-01 00:15:00,Cold Brew,SKU006,3,200,600,Wallet
BILL00079,2024-02-15 06:14:00,Blueberry Muffin,SKU010,2,140,280,Card
BILL00080,2024-01-23 02:47:00,Caramel Macchiato,SKU004,3,220,660,Card
BILL00081,2024-02-12 20:38:00,Caffè Latte,SKU001,2,180,360,Wallet
BILL00082,2024-01-25 15:48:00,Croissant,SKU009,1,120,120,Wallet
BILL00083,2024-02-29 00:59:00,Iced Americano,SKU007,4,160,640,Card
BILL00084,2024-02-02 09:54:00,Mocha,SKU005,4,210,840,Card
BILL00085,2024-01-09 10:49:00,Iced Americano,SKU007,3,160,480,Cash
BILL00086,2024-02-03 16:56:00,Cappuccino,SKU002,1,170,170,Cash
BILL00087,2024-03-16 03:30:00,Croissant,SKU009,2,120,240,Wallet
BILL00088,2024-03-29 11:32:00,Cold Brew,SKU006,2,200,400,Card
BILL00089,2024-01-10 12:17:00,Cappuccino,SKU002,1,170,170,Cash
BILL00090,2024-01-26 17:40:00,Cappuccino,SKU002,1,170,170,Wallet
BILL00091,2024-02-13 17:23:00,Blueberry Muffin,SKU010,2,140,280,UPI
BILL00092,2024-02-03 12:35:00,Espresso,SKU003,1,150,150,Cash
BILL00093,2024-03-25 23:36:00,Iced Americano,SKU007,4,160,640,Wallet
BILL00094,2024-01-24 14:46:00,Iced Americano,SKU007,2,160,320,Cash
BILL00095,2024-02-10 02:33:00,Croissant,SKU009,3,120,360,Card
BILL00096,2024-02-04 04:39:00,Cappuccino,SKU002,1,170,170,Cash
BILL00097,2024-03-25 03:51:00,Frappuccino,SKU008,2,250,500,UPI
BILL00098,2024-02-15 11:42:00,Espresso,SKU003,1,150,150,Wallet
BILL00099,2024-02-29 00:43:00,Caffè Latte,SKU001,3,180,540,Wallet
BILL00100,2024-01-28 14:26:00,Cappuccino,SKU002,2,170,340,Cash
BILL00101,2024-03-12 07:22:00,Frappuccino,SKU008,4,250,1000,Card
BILL00102,2024-01-05 18:36:00,Iced Americano,SKU007,2,160,320,Wallet
BILL00103,2024-02-27 11:25:00,Blueberry Muffin,SKU010,2,140,280,Wallet
BILL00104,2024-03-10 10:06:00,Frappuccino,SKU008,1,250,250,Card
BILL00105,2024-02-22 05:52:00,Espresso,SKU003,3,150,450,UPI
BILL00106,2024-01-22 03:26:00,Frappuccino,SKU008,3,250,750,Card
BILL00107,2024-03-07 19:51:00,Cold Brew,SKU006,3,200,600,Wallet
BILL00108,2024-01-30 10:55:00,Cold Brew,SKU006,4,200,800,Wallet
BILL00109,2024-02-26 11:38:00,Caffè Latte,SKU001,3,180,540,Cash
BILL00110,2024-02-25 02:09:00,Cappuccino,SKU002,1,170,170,Card
BILL00111,2024-03-14 14:53:00,Croissant,SKU009,4,120,480,Wallet
BILL00112,2024-03-28 01:51:00,Mocha,SKU005,3,210,630,UPI
BILL00113,2024-02-12 04:30:00,Frappuccino,SKU008,1,250,250,Cash
BILL00114,2024-01-26 11:50:00,Iced Americano,SKU007,4,160,640,Cash
BILL00115,2024-03-30 03:05:00,Caffè Latte,SKU001,4,180,720,Card
BILL00116,2024-03-08 06:12:00,Frappuccino,SKU008,2,250,500,Card
BILL00117,2024-02-23 13:06:00,Caffè Latte,SKU001,4,180,720,Card
BILL00118,2024-03-24 05:23:00,Cappuccino,SKU002,4,170,680,UPI
BILL00119,2024-01-03 09:29:00,Espresso,SKU003,3,150,450,UPI
BILL00120,2024-02-08 12:50:00,Espresso,SKU003,1,150,150,Cash
BILL00121,2024-03-21 16:52:00,Caramel Macchiato,SKU004,2,220,440,UPI
BILL00122,2024-01-31 11:57:00,Frappuccino,SKU008,3,250,750,Cash
BILL00123,2024-03-05 01:47:00,Mocha,SKU005,3,210,630,UPI
BILL00124,2024-03-22 04:52:00,Mocha,SKU005,1,210,210,UPI
BILL00125,2024-02-24 21:08:00,Espresso,SKU003,2,150,300,UPI
BILL00126,2024-03-23 06:28:00,Caramel Macchiato,SKU004,2,220,440,UPI
BILL00127,2024-01-11 05:05:00,Blueberry Muffin,SKU010,2,140,280,UPI
BILL00128,2024-02-29 18:30:00,Cappuccino,SKU002,4,170,680,Wallet
BILL00129,2024-02-29 07:58:00,Iced Americano,SKU007,4,160,640,Wallet
BILL00130,2024-03-01 11:29:00,Croissant,SKU009,2,120,240,Cash
BILL00131,2024-01-02 15:34:00,Frappuccino,SKU008,3,250,750,Cash
BILL00132,2024-03-30 21:17:00,Iced Americano,SKU007,4,160,640,Wallet
BILL00133,2024-03-09 01:52:00,Frappuccino,SKU008,3,250,750,Cash
BILL00134,2024-02-03 16:45:00,Espresso,SKU003,2,150,300,Wallet
BILL00135,2024-01-26 05:02:00,Caramel Macchiato,SKU004,1,220,220,Cash
BILL00136,2024-01-08 10:17:00,Mocha,SKU005,2,210,420,Card
BILL00137,2024-03-29 11:45:00,Croissant,SKU009,2,120,240,Wallet
BILL00138,2024-02-26 04:37:00,Cappuccino,SKU002,3,170,510,UPI
BILL00139,2024-01-31 12:25:00,Iced Americano,SKU007,1,160,160,Card
BILL00140,2024-01-15 12:51:00,Frappuccino,SKU008,3,250,750,Cash
BILL00141,2024-02-07 12:34:00,Croissant,SKU009,3,120,360,Card
BILL00142,2024-02-12 19:17:00,Caramel Macchiato,SKU004,3,220,660,UPI
BILL00143,2024-01-13 15:10:00,Cappuccino,SKU002,1,170,170,Cash
BILL00144,2024-01-18 07:41:00,Espresso,SKU003,1,150,150,Cash
BILL00145,2024-03-09 14:55:00,Caffè Latte,SKU001,4,180,720,UPI
BILL00146,2024-03-27 14:26:00,Caramel Macchiato,SKU004,2,220,440,Card
BILL00147,2024-01-01 15:10:00,Caffè Latte,SKU001,2,180,360,Cash
BILL00148,2024-01-30 19:32:00,Mocha,SKU005,1,210,210,Cash
BILL00149,2024-01-23 01:38:00,Iced Americano,SKU007,2,160,320,Wallet
BILL00150,2024-03-23 06:02:00,Caffè Latte,SKU001,1,180,180,Wallet
BILL00151,2024-03-04 23:16:00,Blueberry Muffin,SKU010,1,140,140,Card
BILL00152,2024-03-10 23:22:00,Cold Brew,SKU006,2,200,400,Card
BILL00153,2024-03-29 01:06:00,Cold Brew,SKU006,3,200,600,Card
BILL00154,2024-01-10 04:02:00,Frappuccino,SKU008,2,250,500,Cash
BILL00155,2024-01-26 06:25:00,Frappuccino,SKU008,2,250,500,Wallet
BILL00156,2024-03-03 15:58:00,Espresso,SKU003,1,150,150,Card
BILL00157,2024-01-29 06:12:00,Caramel Macchiato,SKU004,4,220,880,UPI
BILL00158,2024-03-29 05:17:00,Iced Americano,SKU007,2,160,320,Wallet
BILL00159,2024-03-12 07:54:00,Blueberry Muffin,SKU010,2,140,280,Wallet
BILL00160,2024-03-10 22:58:00,Croissant,SKU009,3,120,360,Wallet
BILL00161,2024-02-03 03:50:00,Cold Brew,SKU006,2,200,400,Cash
BILL00162,2024-02-25 23:04:00,Caramel Macchiato,SKU004,2,220,440,UPI
BILL00163,2024-03-26 17:15:00,Caffè Latte,SKU001,4,180,720,Wallet
BILL00164,2024-01-13 14:59:00,Iced Americano,SKU007,2,160,320,Card
BILL00165,2024-03-21 21:01:00,Caffè Latte,SKU001,4,180,720,UPI
BILL00166,2024-02-16 22:05:00,Caramel Macchiato,SKU004,1,220,220,Wallet
BILL00167,2024-02-28 08:03:00,Espresso,SKU003,4,150,600,Card
BILL00168,2024-02-15 04:06:00,Iced Americano,SKU007,1,160,160,Cash
BILL00169,2024-03-20 03:37:00,Cappuccino,SKU002,1,170,170,Wallet
BILL00170,2024-02-28 04:20:00,Mocha,SKU005,1,210,210,Card
BILL00171,2024-03-06 20:44:00,Blueberry Muffin,SKU010,2,140,280,Wallet
BILL00172,2024-03-28 23:05:00,Frappuccino,SKU008,4,250,1000,Wallet
BILL00173,2024-02-04 19:14:00,Frappuccino,SKU008,2,250,500,Cash
BILL00174,2024-01-11 15:34:00,Frappuccino,SKU008,4,250,1000,Card
BILL00175,2024-02-11 14:48:00,Caffè Latte,SKU001,2,180,360,Cash
BILL00176,2024-03-13 09:12:00,Iced Americano,SKU007,1,160,160,Cash
BILL00177,2024-03-02 10:29:00,Cold Brew,SKU006,3,200,600,Wallet
BILL00178,2024-03-11 11:17:00,Frappuccino,SKU008,2,250,500,UPI
BILL00179,2024-01-04 13:51:00,Cold Brew,SKU006,3,200,600,Card
BILL00180,2024-02-11 02:06:00,Blueberry Muffin,SKU010,3,140,420,Wallet
BILL00181,2024-02-23 22:24:00,Caramel Macchiato,SKU004,1,220,220,Card
BILL00182,2024-02-25 11:47:00,Caramel Macchiato,SKU004,1,220,220,Card
BILL00183,2024-03-03 02:26:00,Croissant,SKU009,2,120,240,Cash
BILL00184,2024-02-14 22:30:00,Cold Brew,SKU006,4,200,800,Cash
BILL00185,2024-03-16 10:57:00,Caramel Macchiato,SKU004,4,220,880,UPI
BILL00186,2024-03-04 17:20:00,Caramel Macchiato,SKU004,1,220,220,Card
BILL00187,2024-03-29 21:15:00,Croissant,SKU009,2,120,240,Card
BILL00188,2024-02-22 23:57:00,Blueberry Muffin,SKU010,3,140,420,UPI
BILL00189,2024-01-09 22:28:00,Mocha,SKU005,2,210,420,UPI
BILL00190,2024-02-05 02:58:00,Caramel Macchiato,SKU004,3,220,660,UPI
BILL00191,2024-02-22 12:34:00,Iced Americano,SKU007,2,160,320,Card
BILL00192,2024-01-27 02:24:00,Caramel Macchiato,SKU004,3,220,660,Card
BILL00193,2024-03-04 08:34:00,Espresso,SKU003,3,150,450,Cash
BILL00194,2024-02-19 15:49:00,Frappuccino,SKU008,1,250,250,Card
BILL00195,2024-02-24 23:43:00,Espresso,SKU003,4,150,600,Wallet
BILL00196,2024-03-18 06:13:00,Caffè Latte,SKU001,2,180,360,Wallet
BILL00197,2024-02-10 23:39:00,Frappuccino,SKU008,3,250,750,Card
BILL00198,2024-01-30 00:42:00,Caramel Macchiato,SKU004,1,220,220,Cash
BILL00199,2024-02-14 09:06:00,Cappuccino,SKU002,2,170,340,Wallet
BILL00200,2024-02-27 12:42:00,Caffè Latte,SKU001,2,180,360,Cash
BILL00201,2024-03-23 04:37:00,Cappuccino,SKU002,1,170,170,Cash
BILL00202,2024-01-22 05:24:00,Frappuccino,SKU008,1,250,250,UPI
BILL00203,2024-03-11 06:05:00,Blueberry Muffin,SKU010,1,140,140,Cash
BILL00204,2024-03-05 11:15:00,Iced Americano,SKU007,3,160,480,Wallet
BILL00205,2024-01-22 17:43:00,Caramel Macchiato,SKU004,4,220,880,Cash
BILL00206,2024-02-15 11:51:00,Mocha,SKU005,2,210,420,Wallet
BILL00207,2024-02-26 03:09:00,Blueberry Muffin,SKU010,2,140,280,Card
BILL00208,2024-02-12 01:04:00,Caffè Latte,SKU001,2,180,360,Wallet
BILL00209,2024-01-05 20:06:00,Espresso,SKU003,4,150,600,UPI
BILL00210,2024-01-20 01:57:00,Caffè Latte,SKU001,4,180,720,Cash
BILL00211,2024-01-19 05:29:00,Caffè Latte,SKU001,4,180,720,Card
BILL00212,2024-01-31 01:40:00,Blueberry Muffin,SKU010,4,140,560,Card
BILL00213,2024-01-11 19:22:00,Blueberry Muffin,SKU010,3,140,420,Cash
BILL00214,2024-01-21 04:25:00,Blueberry Muffin,SKU010,2,140,280,UPI
BILL00215,2024-02-23 21:35:00,Blueberry Muffin,SKU010,1,140,140,UPI
BILL00216,2024-02-28 04:46:00,Croissant,SKU009,4,120,480,Card
BILL00217,2024-01-13 19:49:00,Cold Brew,SKU006,2,200,400,UPI
BILL00218,2024-03-16 04:39:00,Croissant,SKU009,4,120,480,Cash
BILL00219,2024-03-09 00:33:00,Cold Brew,SKU006,2,200,400,Wallet
BILL00220,2024-03-05 19:07:00,Frappuccino,SKU008,2,250,500,UPI
BILL00221,2024-02-12 12:10:00,Espresso,SKU003,3,150,450,UPI
BILL00222,2024-03-28 14:21:00,Caffè Latte,SKU001,1,180,180,Card
BILL00223,2024-01-09 07:57:00,Cappuccino,SKU002,4,170,680,UPI
BILL00224,2024-03-17 09:25:00,Caramel Macchiato,SKU004,3,220,660,Cash
BILL00225,2024-02-16 03:21:00,Cold Brew,SKU006,1,200,200,Cash
BILL00226,2024-03-07 12:13:00,Iced Americano,SKU007,1,160,160,Wallet
BILL00227,2024-03-24 08:14:00,Cappuccino,SKU002,4,170,680,Wallet
BILL00228,2024-01-03 19:51:00,Blueberry Muffin,SKU010,3,140,420,UPI
BILL00229,2024-01-16 01:18:00,Croissant,SKU009,2,120,240,Wallet
BILL00230,2024-02-03 23:49:00,Caramel Macchiato,SKU004,4,220,880,Cash
BILL00231,2024-02-25 02:25:00,Cappuccino,SKU002,4,170,680,UPI
BILL00232,2024-03-26 02:14:00,Mocha,SKU005,1,210,210,UPI
BILL00233,2024-03-20 04:48:00,Espresso,SKU003,4,150,600,UPI
BILL00234,2024-03-06 10:23:00,Croissant,SKU009,2,120,240,UPI
BILL00235,2024-02-02 02:45:00,Frappuccino,SKU008,2,250,500,Wallet
BILL00236,2024-02-12 14:30:00,Caffè Latte,SKU001,4,180,720,UPI
BILL00237,2024-02-06 18:41:00,Iced Americano,SKU007,1,160,160,Wallet
BILL00238,2024-02-13 04:30:00,Caramel Macchiato,SKU004,1,220,220,Card
BILL00239,2024-03-14 11:57:00,Iced Americano,SKU007,3,160,480,Cash
BILL00240,2024-02-22 16:07:00,Caramel Macchiato,SKU004,2,220,440,UPI
BILL00241,2024-03-11 19:51:00,Frappuccino,SKU008,3,250,750,UPI
BILL00242,2024-02-19 01:37:00,Frappuccino,SKU008,2,250,500,Cash
BILL00243,2024-01-17 06:26:00,Mocha,SKU005,2,210,420,Card
BILL00244,2024-02-09 06:07:00,Croissant,SKU009,3,120,360,UPI
BILL00245,2024-01-12 13:56:00,Frappuccino,SKU008,1,250,250,Wallet
BILL00246,2024-02-23 23:00:00,Frappuccino,SKU008,4,250,1000,UPI
BILL00247,2024-03-25 05:22:00,Mocha,SKU005,4,210,840,Card
BILL00248,2024-01-24 08:40:00,Iced Americano,SKU007,2,160,320,UPI
BILL00249,2024-01-04 15:52:00,Croissant,SKU009,2,120,240,Cash
BILL00250,2024-02-28 06:38:00,Blueberry Muffin,SKU010,3,140,420,Wallet
BILL00251,2024-01-04 07:28:00,Mocha,SKU005,4,210,840,Card
BILL00252,2024-03-19 12:10:00,Blueberry Muffin,SKU010,1,140,140,UPI
BILL00253,2024-01-22 08:47:00,Cappuccino,SKU002,4,170,680,Cash
BILL00254,2024-01-23 02:47:00,Frappuccino,SKU008,3,250,750,UPI
BILL00255,2024-03-06 20:08:00,Croissant,SKU009,1,120,120,UPI
BILL00256,2024-02-04 09:10:00,Mocha,SKU005,4,210,840,Card
BILL00257,2024-03-24 07:49:00,Frappuccino,SKU008,3,250,750,Wallet
BILL00258,2024-03-10 19:15:00,Caffè Latte,SKU001,2,180,360,Cash
BILL00259,2024-03-11 13:21:00,Cold Brew,SKU006,4,200,800,Wallet
BILL00260,2024-01-06 21:05:00,Frappuccino,SKU008,4,250,1000,Wallet
BILL00261,2024-03-17 03:31:00,Caramel Macchiato,SKU004,1,220,220,Card
BILL00262,2024-02-02 12:19:00,Mocha,SKU005,2,210,420,UPI
BILL00263,2024-01-23 15:18:00,Caffè Latte,SKU001,4,180,720,UPI
BILL00264,2024-02-01 12:59:00,Caffè Latte,SKU001,2,180,360,Card
BILL00265,2024-02-17 06:38:00,Iced Americano,SKU007,4,160,640,Card
BILL00266,2024-02-07 05:32:00,Cappuccino,SKU002,2,170,340,Wallet
BILL00267,2024-01-21 00:43:00,Mocha,SKU005,4,210,840,Wallet
BILL00268,2024-03-17 03:58:00,Blueberry Muffin,SKU010,1,140,140,Wallet
BILL00269,2024-02-20 22:12:00,Mocha,SKU005,4,210,840,UPI
BILL00270,2024-02-05 01:17:00,Espresso,SKU003,3,150,450,Cash
BILL00271,2024-01-11 20:18:00,Iced Americano,SKU007,3,160,480,Wallet
BILL00272,2024-02-08 01:17:00,Caffè Latte,SKU001,3,180,540,Cash
BILL00273,2024-01-18 06:19:00,Cappuccino,SKU002,1,170,170,Card
BILL00274,2024-01-21 18:36:00,Caramel Macchiato,SKU004,4,220,880,Wallet
BILL00275,2024-03-19 08:24:00,Mocha,SKU005,3,210,630,UPI
BILL00276,2024-01-12 05:17:00,Frappuccino,SKU008,4,250,1000,Card
BILL00277,2024-03-19 21:28:00,Cold Brew,SKU006,1,200,200,Card
BILL00278,2024-03-19 05:07:00,Blueberry Muffin,SKU010,3,140,420,Wallet
BILL00279,2024-02-05 19:30:00,Blueberry Muffin,SKU010,2,140,280,Cash
BILL00280,2024-02-04 01:58:00,Frappuccino,SKU008,4,250,1000,Cash
BILL00281,2024-03-18 19:43:00,Caffè Latte,SKU001,3,180,540,Cash
BILL00282,2024-01-30 20:56:00,Cappuccino,SKU002,2,170,340,Card
BILL00283,2024-03-01 19:28:00,Espresso,SKU003,4,150,600,Wallet
BILL00284,2024-02-07 10:16:00,Blueberry Muffin,SKU010,1,140,140,Card
BILL00285,2024-03-18 01:17:00,Mocha,SKU005,1,210,210,Card
BILL00286,2024-01-04 06:27:00,Croissant,SKU009,4,120,480,Wallet
BILL00287,2024-02-22 09:15:00,Mocha,SKU005,2,210,420,Cash
BILL00288,2024-03-19 09:24:00,Caramel Macchiato,SKU004,1,220,220,Cash
BILL00289,2024-02-11 14:30:00,Caramel Macchiato,SKU004,1,220,220,UPI
BILL00290,2024-03-25 17:59:00,Cappuccino,SKU002,4,170,680,UPI
BILL00291,2024-01-15 20:40:00,Blueberry Muffin,SKU010,3,140,420,UPI
BILL00292,2024-02-14 15:50:00,Cappuccino,SKU002,4,170,680,Cash
BILL00293,2024-02-18 15:16:00,Cappuccino,SKU002,2,170,340,Wallet
BILL00294,2024-03-08 07:20:00,Cappuccino,SKU002,4,170,680,Wallet
BILL00295,2024-03-11 02:51:00,Cold Brew,SKU006,3,200,600,Cash
BILL00296,2024-01-30 13:19:00,Blueberry Muffin,SKU010,2,140,280,Cash
BILL00297,2024-02-17 16:14:00,Iced Americano,SKU007,2,160,320,Card
BILL00298,2024-02-19 12:46:00,Croissant,SKU009,2,120,240,Cash
BILL00299,2024-02-05 02:49:00,Croissant,SKU009,2,120,240,UPI
BILL00300,2024-02-27 09:21:00,Blueberry Muffin,SKU010,2,140,280,Wallet
BILL00301,2024-03-14 23:44:00,Caramel Macchiato,SKU004,4,220,880,Wallet
BILL00302,2024-01-06 04:53:00,Espresso,SKU003,1,150,150,Cash
BILL00303,2024-02-23 22:54:00,Espresso,SKU003,3,150,450,UPI
BILL00304,2024-01-14 00:57:00,Blueberry Muffin,SKU010,1,140,140,Cash
BILL00305,2024-03-27 15:09:00,Iced Americano,SKU007,3,160,480,Cash
BILL00306,2024-02-17 19:21:00,Cold Brew,SKU006,2,200,400,UPI
BILL00307,2024-03-05 00:36:00,Iced Americano,SKU007,2,160,320,Cash
BILL00308,2024-02-18 18:10:00,Espresso,SKU003,3,150,450,Card
BILL00309,2024-03-25 19:46:00,Espresso,SKU003,4,150,600,Wallet
BILL00310,2024-03-22 21:20:00,Caramel Macchiato,SKU004,1,220,220,Wallet
BILL00311,2024-01-17 18:33:00,Blueberry Muffin,SKU010,1,140,140,Wallet
BILL00312,2024-03-04 22:17:00,Caffè Latte,SKU001,3,180,540,Wallet
BILL00313,2024-03-15 22:59:00,Frappuccino,SKU008,4,250,1000,Wallet
BILL00314,2024-03-21 08:35:00,Cold Brew,SKU006,2,200,400,Card
BILL00315,2024-01-02 19:58:00,Frappuccino,SKU008,3,250,750,Card
BILL00316,2024-02-21 14:06:00,Croissant,SKU009,1,120,120,Card
BILL00317,2024-03-23 06:54:00,Mocha,SKU005,4,210,840,Wallet
BILL00318,2024-03-10 06:33:00,Espresso,SKU003,1,150,150,Card
BILL00319,2024-03-10 13:27:00,Frappuccino,SKU008,1,250,250,Card
BILL00320,2024-02-07 17:25:00,Caramel Macchiato,SKU004,2,220,440,Card
BILL00321,2024-03-14 17:04:00,Blueberry Muffin,SKU010,2,140,280,UPI
BILL00322,2024-01-14 13:09:00,Frappuccino,SKU008,4,250,1000,Card
BILL00323,2024-02-21 12:19:00,Frappuccino,SKU008,1,250,250,UPI
BILL00324,2024-03-12 00:05:00,Cappuccino,SKU002,4,170,680,Cash
BILL00325,2024-02-14 23:11:00,Frappuccino,SKU008,1,250,250,Cash
BILL00326,2024-03-07 09:13:00,Caffè Latte,SKU001,3,180,540,Wallet
BILL00327,2024-03-12 18:50:00,Caramel Macchiato,SKU004,2,220,440,UPI
BILL00328,2024-02-18 01:36:00,Espresso,SKU003,4,150,600,Card
BILL00329,2024-02-26 15:43:00,Cold Brew,SKU006,4,200,800,Wallet
BILL00330,2024-02-10 10:31:00,Cold Brew,SKU006,2,200,400,UPI
BILL00331,2024-02-25 22:22:00,Blueberry Muffin,SKU010,2,140,280,Wallet
BILL00332,2024-03-28 11:26:00,Caffè Latte,SKU001,3,180,540,UPI
BILL00333,2024-02-27 01:22:00,Espresso,SKU003,2,150,300,Wallet
BILL00334,2024-01-21 16:48:00,Caffè Latte,SKU001,4,180,720,Cash
BILL00335,2024-03-25 18:10:00,Mocha,SKU005,1,210,210,Card
BILL00336,2024-03-06 23:35:00,Cold Brew,SKU006,4,200,800,UPI
BILL00337,2024-02-03 04:56:00,Blueberry Muffin,SKU010,1,140,140,Wallet
BILL00338,2024-02-25 11:47:00,Frappuccino,SKU008,1,250,250,Wallet
BILL00339,2024-01-04 17:33:00,Caffè Latte,SKU001,3,180,540,UPI
BILL00340,2024-02-18 02:31:00,Cappuccino,SKU002,4,170,680,Wallet
BILL00341,2024-01-28 01:55:00,Blueberry Muffin,SKU010,4,140,560,Cash
BILL00342,2024-02-26 20:27:00,Cold Brew,SKU006,4,200,800,Card
BILL00343,2024-03-03 05:39:00,Iced Americano,SKU007,3,160,480,Wallet
BILL00344,2024-03-24 19:08:00,Cold Brew,SKU006,3,200,600,Card
BILL00345,2024-01-23 19:28:00,Croissant,SKU009,1,120,120,Wallet
BILL00346,2024-01-10 13:33:00,Espresso,SKU003,4,150,600,Cash
BILL00347,2024-03-27 06:38:00,Caffè Latte,SKU001,4,180,720,UPI
BILL00348,2024-01-06 02:47:00,Blueberry Muffin,SKU010,3,140,420,Card
BILL00349,2024-01-15 21:08:00,Mocha,SKU005,3,210,630,Card
BILL00350,2024-02-24 12:06:00,Iced Americano,SKU007,1,160,160,Card
BILL00351,2024-02-13 14:46:00,Iced Americano,SKU007,1,160,160,Card
BILL00352,2024-03-16 23:26:00,Cold Brew,SKU006,1,200,200,Cash
BILL00353,2024-03-26 18:33:00,Frappuccino,SKU008,2,250,500,Card
BILL00354,2024-01-08 14:28:00,Iced Americano,SKU007,3,160,480,Card
BILL00355,2024-02-07 12:15:00,Iced Americano,SKU007,2,160,320,Cash
BILL00356,2024-01-03 11:24:00,Mocha,SKU005,3,210,630,Card
BILL00357,2024-03-16 15:36:00,Caffè Latte,SKU001,3,180,540,Cash
BILL00358,2024-01-05 09:51:00,Frappuccino,SKU008,3,250,750,Card
BILL00359,2024-01-11 23:53:00,Cappuccino,SKU002,1,170,170,UPI
BILL00360,2024-01-14 18:45:00,Espresso,SKU003,1,150,150,Card
BILL00361,2024-01-11 00:22:00,Frappuccino,SKU008,2,250,500,Cash
BILL00362,2024-03-01 14:48:00,Croissant,SKU009,3,120,360,UPI
BILL00363,2024-01-12 03:19:00,Blueberry Muffin,SKU010,1,140,140,Wallet
BILL00364,2024-02-09 00:38:00,Mocha,SKU005,3,210,630,Wallet
BILL00365,2024-03-09 23:42:00,Blueberry Muffin,SKU010,2,140,280,Card
BILL00366,2024-03-02 20:09:00,Croissant,SKU009,2,120,240,UPI
BILL00367,2024-01-08 05:03:00,Espresso,SKU003,3,150,450,Cash
BILL00368,2024-03-26 00:47:00,Espresso,SKU003,1,150,150,Card
BILL00369,2024-02-06 18:26:00,Cold Brew,SKU006,2,200,400,UPI
BILL00370,2024-03-20 01:34:00,Mocha,SKU005,3,210,630,UPI
BILL00371,2024-02-19 05:55:00,Cappuccino,SKU002,3,170,510,Card
BILL00372,2024-01-04 18:11:00,Iced Americano,SKU007,2,160,320,Cash
BILL00373,2024-03-10 19:11:00,Blueberry Muffin,SKU010,3,140,420,Card
BILL00374,2024-01-29 03:39:00,Cold Brew,SKU006,2,200,400,UPI
BILL00375,2024-02-07 10:17:00,Cappuccino,SKU002,3,170,510,UPI
BILL00376,2024-03-03 05:48:00,Espresso,SKU003,4,150,600,Card
BILL00377,2024-03-11 09:22:00,Espresso,SKU003,3,150,450,Card
BILL00378,2024-03-13 05:12:00,Caffè Latte,SKU001,1,180,180,Cash
BILL00379,2024-03-01 07:03:00,Caffè Latte,SKU001,1,180,180,UPI
BILL00380,2024-03-25 11:00:00,Frappuccino,SKU008,3,250,750,Cash
BILL00381,2024-02-15 17:10:00,Blueberry Muffin,SKU010,1,140,140,UPI
BILL00382,2024-03-16 03:25:00,Blueberry Muffin,SKU010,3,140,420,Cash
BILL00383,2024-03-16 04:53:00,Iced Americano,SKU007,3,160,480,Card
BILL00384,2024-02-28 18:42:00,Iced Americano,SKU007,4,160,640,Card
BILL00385,2024-02-17 04:21:00,Caramel Macchiato,SKU004,1,220,220,UPI
BILL00386,2024-01-13 22:42:00,Caramel Macchiato,SKU004,3,220,660,Card
BILL00387,2024-02-12 00:43:00,Cold Brew,SKU006,2,200,400,UPI
BILL00388,2024-01-10 19:07:00,Cappuccino,SKU002,4,170,680,Card
BILL00389,2024-03-25 05:17:00,Cold Brew,SKU006,3,200,600,Wallet
BILL00390,2024-03-05 00:30:00,Cold Brew,SKU006,2,200,400,UPI
BILL00391,2024-02-14 20:32:00,Caffè Latte,SKU001,1,180,180,Card
BILL00392,2024-01-12 23:22:00,Croissant,SKU009,1,120,120,Card
BILL00393,2024-03-22 02:16:00,Iced Americano,SKU007,2,160,320,UPI
BILL00394,2024-02-14 07:31:00,Frappuccino,SKU008,3,250,750,UPI
BILL00395,2024-03-01 11:11:00,Caffè Latte,SKU001,1,180,180,Wallet
BILL00396,2024-03-02 20:10:00,Iced Americano,SKU007,1,160,160,Wallet
BILL00397,2024-03-20 03:28:00,Cold Brew,SKU006,4,200,800,UPI
BILL00398,2024-02-21 10:30:00,Caffè Latte,SKU001,4,180,720,Card
BILL00399,2024-02-06 18:46:00,Espresso,SKU003,3,150,450,Card
BILL00400,2024-03-22 15:51:00,Caffè Latte,SKU001,1,180,180,Card
BILL00401,2024-03-07 10:50:00,Iced Americano,SKU007,3,160,480,Cash
BILL00402,2024-02-25 04:01:00,Croissant,SKU009,2,120,240,Wallet
BILL00403,2024-01-29 13:43:00,Croissant,SKU009,4,120,480,Card
BILL00404,2024-03-15 11:04:00,Espresso,SKU003,2,150,300,Wallet
BILL00405,2024-01-28 02:25:00,Croissant,SKU009,2,120,240,Cash
BILL00406,2024-02-07 11:32:00,Cappuccino,SKU002,3,170,510,UPI
BILL00407,2024-03-27 16:40:00,Frappuccino,SKU008,4,250,1000,Cash
BILL00408,2024-02-08 05:09:00,Caffè Latte,SKU001,3,180,540,UPI
BILL00409,2024-03-12 04:27:00,Caramel Macchiato,SKU004,4,220,880,UPI
BILL00410,2024-03-19 18:12:00,Croissant,SKU009,1,120,120,UPI
BILL00411,2024-03-22 21:25:00,Caffè Latte,SKU001,4,180,720,Wallet
BILL00412,2024-03-26 13:40:00,Espresso,SKU003,3,150,450,Card
BILL00413,2024-03-10 21:33:00,Iced Americano,SKU007,4,160,640,Card
BILL00414,2024-03-12 13:17:00,Frappuccino,SKU008,3,250,750,UPI
BILL00415,2024-03-02 16:57:00,Mocha,SKU005,3,210,630,Wallet
BILL00416,2024-02-01 02:02:00,Iced Americano,SKU007,3,160,480,UPI
BILL00417,2024-02-24 22:44:00,Blueberry Muffin,SKU010,3,140,420,UPI
BILL00418,2024-03-21 23:06:00,Espresso,SKU003,4,150,600,Card
BILL00419,2024-02-28 10:12:00,Croissant,SKU009,1,120,120,Cash
BILL00420,2024-01-15 19:29:00,Croissant,SKU009,4,120,480,Wallet
BILL00421,2024-03-01 07:21:00,Caramel Macchiato,SKU004,3,220,660,Cash
BILL00422,2024-02-29 07:03:00,Cold Brew,SKU006,2,200,400,Cash
BILL00423,2024-02-10 06:46:00,Iced Americano,SKU007,4,160,640,Wallet
BILL00424,2024-03-10 13:52:00,Frappuccino,SKU008,1,250,250,Card
BILL00425,2024-03-26 10:51:00,Croissant,SKU009,3,120,360,Cash
BILL00426,2024-01-15 18:32:00,Espresso,SKU003,4,150,600,Card
BILL00427,2024-02-25 09:24:00,Frappuccino,SKU008,1,250,250,Cash
BILL00428,2024-02-07 16:41:00,Caffè Latte,SKU001,2,180,360,Card
BILL00429,2024-03-17 02:26:00,Caffè Latte,SKU001,2,180,360,Wallet
BILL00430,2024-02-02 19:51:00,Caffè Latte,SKU001,3,180,540,UPI
BILL00431,2024-01-19 08:57:00,Caffè Latte,SKU001,2,180,360,UPI
BILL00432,2024-02-29 20:51:00,Cold Brew,SKU006,2,200,400,Cash
BILL00433,2024-03-11 10:55:00,Caffè Latte,SKU001,3,180,540,Wallet
BILL00434,2024-02-19 23:25:00,Caffè Latte,SKU001,3,180,540,Cash
BILL00435,2024-02-25 16:41:00,Cold Brew,SKU006,4,200,800,UPI
BILL00436,2024-03-17 13:03:00,Espresso,SKU003,2,150,300,UPI
BILL00437,2024-02-24 07:56:00,Croissant,SKU009,3,120,360,Cash
BILL00438,2024-01-24 22:35:00,Iced Americano,SKU007,2,160,320,Wallet
BILL00439,2024-01-01 13:53:00,Mocha,SKU005,2,210,420,Card
BILL00440,2024-01-21 02:29:00,Cold Brew,SKU006,1,200,200,Cash
BILL00441,2024-03-18 13:25:00,Cappuccino,SKU002,2,170,340,UPI
BILL00442,2024-03-30 05:48:00,Caffè Latte,SKU001,3,180,540,Wallet
BILL00443,2024-02-13 20:31:00,Frappuccino,SKU008,1,250,250,Wallet
BILL00444,2024-01-25 19:09:00,Cappuccino,SKU002,2,170,340,Card
BILL00445,2024-03-17 10:51:00,Caffè Latte,SKU001,3,180,540,Card
BILL00446,2024-03-23 02:04:00,Blueberry Muffin,SKU010,1,140,140,Wallet
BILL00447,2024-01-18 10:09:00,Cold Brew,SKU006,3,200,600,Card
BILL00448,2024-01-11 22:11:00,Caramel Macchiato,SKU004,3,220,660,Wallet
BILL00449,2024-01-10 07:45:00,Frappuccino,SKU008,2,250,500,UPI
BILL00450,2024-01-19 08:27:00,Mocha,SKU005,2,210,420,Card
BILL00451,2024-02-13 20:53:00,Cappuccino,SKU002,4,170,680,Wallet
BILL00452,2024-02-21 12:29:00,Cold Brew,SKU006,1,200,200,Wallet
BILL00453,2024-03-04 05:44:00,Cappuccino,SKU002,2,170,340,UPI
BILL00454,2024-02-08 14:11:00,Caramel Macchiato,SKU004,2,220,440,Card
BILL00455,2024-01-03 18:08:00,Espresso,SKU003,2,150,300,UPI
BILL00456,2024-02-14 04:33:00,Caramel Macchiato,SKU004,3,220,660,Card
BILL00457,2024-03-19 03:43:00,Frappuccino,SKU008,3,250,750,Cash
BILL00458,2024-01-27 20:45:00,Caramel Macchiato,SKU004,4,220,880,Wallet
BILL00459,2024-03-27 14:31:00,Blueberry Muffin,SKU010,4,140,560,Wallet
BILL00460,2024-01-28 12:35:00,Caffè Latte,SKU001,3,180,540,Cash
BILL00461,2024-03-21 06:51:00,Croissant,SKU009,2,120,240,Cash
BILL00462,2024-03-22 12:29:00,Caramel Macchiato,SKU004,3,220,660,Card
BILL00463,2024-01-07 08:21:00,Espresso,SKU003,1,150,150,Cash
BILL00464,2024-02-16 10:35:00,Blueberry Muffin,SKU010,2,140,280,Card
BILL00465,2024-02-11 23:10:00,Frappuccino,SKU008,3,250,750,UPI
BILL00466,2024-02-12 04:18:00,Cappuccino,SKU002,4,170,680,Card
BILL00467,2024-02-26 18:47:00,Cappuccino,SKU002,3,170,510,UPI
BILL00468,2024-01-25 07:17:00,Croissant,SKU009,4,120,480,UPI
BILL00469,2024-03-05 19:22:00,Frappuccino,SKU008,2,250,500,Card
BILL00470,2024-01-21 10:52:00,Croissant,SKU009,1,120,120,Wallet
BILL00471,2024-01-03 12:51:00,Cold Brew,SKU006,3,200,600,Cash
BILL00472,2024-02-07 07:25:00,Cold Brew,SKU006,1,200,200,Card
BILL00473,2024-02-10 23:33:00,Cold Brew,SKU006,1,200,200,Wallet
BILL00474,2024-03-21 22:32:00,Cappuccino,SKU002,1,170,170,Card
BILL00475,2024-02-14 07:54:00,Blueberry Muffin,SKU010,3,140,420,Wallet
BILL00476,2024-03-01 22:07:00,Cappuccino,SKU002,2,170,340,UPI
BILL00477,2024-03-27 20:12:00,Frappuccino,SKU008,4,250,1000,Card
BILL00478,2024-01-21 06:56:00,Frappuccino,SKU008,1,250,250,Cash
BILL00479,2024-03-20 07:37:00,Espresso,SKU003,1,150,150,Wallet
BILL00480,2024-02-27 00:46:00,Cappuccino,SKU002,3,170,510,Wallet
BILL00481,2024-03-25 13:11:00,Espresso,SKU003,1,150,150,Card
BILL00482,2024-02-08 18:15:00,Cappuccino,SKU002,4,170,680,Card
BILL00483,2024-03-05 05:41:00,Blueberry Muffin,SKU010,4,140,560,UPI
BILL00484,2024-03-09 02:29:00,Cappuccino,SKU002,1,170,170,Cash
BILL00485,2024-03-15 00:34:00,Blueberry Muffin,SKU010,4,140,560,Cash
BILL00486,2024-02-27 13:27:00,Espresso,SKU003,1,150,150,UPI
BILL00487,2024-03-01 20:00:00,Cappuccino,SKU002,1,170,170,Card
BILL00488,2024-03-28 01:12:00,Iced Americano,SKU007,2,160,320,Cash
BILL00489,2024-01-04 20:16:00,Caramel Macchiato,SKU004,4,220,880,UPI
BILL00490,2024-03-14 02:46:00,Frappuccino,SKU008,4,250,1000,Wallet
BILL00491,2024-03-02 04:48:00,Espresso,SKU003,2,150,300,Card
BILL00492,2024-02-16 07:51:00,Cold Brew,SKU006,4,200,800,Cash
BILL00493,2024-03-04 04:08:00,Cappuccino,SKU002,1,170,170,Wallet
BILL00494,2024-02-06 13:22:00,Caffè Latte,SKU001,4,180,720,Card
BILL00495,2024-02-24 22:42:00,Espresso,SKU003,3,150,450,UPI
BILL00496,2024-03-05 20:30:00,Caramel Macchiato,SKU004,2,220,440,Card
BILL00497,2024-02-18 00:21:00,Cold Brew,SKU006,1,200,200,Wallet
BILL00498,2024-02-12 10:08:00,Cold Brew,SKU006,4,200,800,Wallet
BILL00499,2024-02-17 11:35:00,Mocha,SKU005,2,210,420,Wallet
BILL00500,2024-02-01 02:17:00,Caramel Macchiato,SKU004,1,220,220,Card
BILL00501,2024-01-11 17:05:00,Iced Americano,SKU007,4,160,640,Cash
BILL00502,2024-03-24 23:27:00,Frappuccino,SKU008,3,250,750,Card
BILL00503,2024-01-12 05:00:00,Croissant,SKU009,4,120,480,Wallet
BILL00504,2024-02-22 21:28:00,Caramel Macchiato,SKU004,2,220,440,UPI
BILL00505,2024-03-13 14:34:00,Croissant,SKU009,4,120,480,Card
BILL00506,2024-02-26 07:10:00,Caffè Latte,SKU001,2,180,360,UPI
BILL00507,2024-02-02 17:56:00,Caramel Macchiato,SKU004,3,220,660,Card
BILL00508,2024-03-02 13:29:00,Frappuccino,SKU008,4,250,1000,Card
BILL00509,2024-02-15 08:45:00,Caramel Macchiato,SKU004,4,220,880,Card
BILL00510,2024-01-15 19:01:00,Blueberry Muffin,SKU010,2,140,280,Cash
BILL00511,2024-02-01 10:43:00,Mocha,SKU005,2,210,420,UPI
BILL00512,2024-01-08 12:12:00,Croissant,SKU009,1,120,120,UPI
BILL00513,2024-01-22 05:21:00,Blueberry Muffin,SKU010,3,140,420,Card
BILL00514,2024-01-09 05:54:00,Caffè Latte,SKU001,1,180,180,Card
BILL00515,2024-03-06 15:26:00,Frappuccino,SKU008,2,250,500,Cash
BILL00516,2024-03-10 06:43:00,Iced Americano,SKU007,3,160,480,Card
BILL00517,2024-03-09 18:08:00,Caramel Macchiato,SKU004,3,220,660,Wallet
BILL00518,2024-02-22 21:51:00,Cold Brew,SKU006,2,200,400,Wallet
BILL00519,2024-02-11 04:16:00,Mocha,SKU005,3,210,630,Wallet
BILL00520,2024-02-10 17:07:00,Cold Brew,SKU006,2,200,400,Cash
BILL00521,2024-03-14 08:19:00,Caffè Latte,SKU001,4,180,720,Card
BILL00522,2024-01-08 19:53:00,Mocha,SKU005,4,210,840,Wallet
BILL00523,2024-03-21 11:32:00,Croissant,SKU009,2,120,240,UPI
BILL00524,2024-02-27 03:15:00,Cold Brew,SKU006,4,200,800,Cash
BILL00525,2024-01-29 08:43:00,Croissant,SKU009,3,120,360,Cash
BILL00526,2024-03-19 18:07:00,Blueberry Muffin,SKU010,1,140,140,Wallet
BILL00527,2024-02-13 19:34:00,Espresso,SKU003,4,150,600,Card
BILL00528,2024-03-13 14:04:00,Frappuccino,SKU008,1,250,250,Wallet
BILL00529,2024-03-23 00:31:00,Espresso,SKU003,4,150,600,Card
BILL00530,2024-01-09 20:44:00,Mocha,SKU005,2,210,420,Card
BILL00531,2024-01-03 01:46:00,Croissant,SKU009,2,120,240,Card
BILL00532,2024-01-19 15:38:00,Caffè Latte,SKU001,2,180,360,UPI
BILL00533,2024-03-04 09:36:00,Frappuccino,SKU008,4,250,1000,Wallet
BILL00534,2024-03-18 01:11:00,Cappuccino,SKU002,1,170,170,Card
BILL00535,2024-01-12 23:57:00,Cappuccino,SKU002,3,170,510,Wallet
BILL00536,2024-01-06 12:41:00,Blueberry Muffin,SKU010,1,140,140,Cash
BILL00537,2024-03-05 08:11:00,Caramel Macchiato,SKU004,3,220,660,Wallet
BILL00538,2024-01-22 06:58:00,Croissant,SKU009,4,120,480,Card
BILL00539,2024-01-14 06:11:00,Frappuccino,SKU008,4,250,1000,Card
BILL00540,2024-03-10 15:10:00,Caffè Latte,SKU001,3,180,540,Card
BILL00541,2024-03-14 02:58:00,Cappuccino,SKU002,4,170,680,Cash
BILL00542,2024-01-07 17:08:00,Cold Brew,SKU006,1,200,200,UPI
BILL00543,2024-02-18 03:23:00,Cappuccino,SKU002,1,170,170,Wallet
BILL00544,2024-01-25 15:36:00,Caramel Macchiato,SKU004,4,220,880,Cash
BILL00545,2024-03-02 12:20:00,Cold Brew,SKU006,1,200,200,UPI
BILL00546,2024-03-16 12:55:00,Espresso,SKU003,3,150,450,Card
BILL00547,2024-03-08 04:39:00,Iced Americano,SKU007,2,160,320,Wallet
BILL00548,2024-01-18 08:25:00,Iced Americano,SKU007,2,160,320,Wallet
BILL00549,2024-03-12 06:55:00,Caramel Macchiato,SKU004,2,220,440,Card
BILL00550,2024-03-17 15:31:00,Caffè Latte,SKU001,4,180,720,Cash
BILL00551,2024-03-27 18:44:00,Blueberry Muffin,SKU010,2,140,280,Card
BILL00552,2024-03-14 21:29:00,Mocha,SKU005,1,210,210,Wallet
BILL00553,2024-01-04 15:43:00,Croissant,SKU009,2,120,240,Card
BILL00554,2024-01-22 19:38:00,Iced Americano,SKU007,2,160,320,UPI
BILL00555,2024-02-16 06:24:00,Cold Brew,SKU006,2,200,400,Card
BILL00556,2024-03-01 20:59:00,Cold Brew,SKU006,3,200,600,Cash
BILL00557,2024-02-25 12:52:00,Blueberry Muffin,SKU010,4,140,560,Wallet
BILL00558,2024-03-05 08:35:00,Mocha,SKU005,1,210,210,Cash
BILL00559,2024-01-30 01:48:00,Caramel Macchiato,SKU004,4,220,880,Wallet
BILL00560,2024-02-01 09:10:00,Croissant,SKU009,2,120,240,Cash
BILL00561,2024-02-19 19:10:00,Croissant,SKU009,3,120,360,Wallet
BILL00562,2024-01-06 02:05:00,Mocha,SKU005,3,210,630,Wallet
BILL00563,2024-03-28 04:37:00,Mocha,SKU005,4,210,840,Card
BILL00564,2024-02-11 02:33:00,Espresso,SKU003,1,150,150,Cash
BILL00565,2024-02-18 20:39:00,Cold Brew,SKU006,4,200,800,Cash
BILL00566,2024-03-22 21:37:00,Mocha,SKU005,4,210,840,Card
BILL00567,2024-02-25 06:04:00,Mocha,SKU005,3,210,630,Card
BILL00568,2024-01-24 15:23:00,Caramel Macchiato,SKU004,3,220,660,Wallet
BILL00569,2024-01-14 10:23:00,Croissant,SKU009,3,120,360,UPI
BILL00570,2024-03-15 00:03:00,Cappuccino,SKU002,3,170,510,Cash
BILL00571,2024-03-18 18:41:00,Caffè Latte,SKU001,1,180,180,Card
BILL00572,2024-03-10 20:10:00,Cold Brew,SKU006,2,200,400,UPI
BILL00573,2024-01-07 20:54:00,Caramel Macchiato,SKU004,1,220,220,Cash
BILL00574,2024-01-17 05:23:00,Caramel Macchiato,SKU004,4,220,880,Card
BILL00575,2024-01-20 07:17:00,Croissant,SKU009,2,120,240,Card
BILL00576,2024-02-25 22:51:00,Cappuccino,SKU002,4,170,680,UPI
BILL00577,2024-01-07 00:05:00,Espresso,SKU003,3,150,450,Cash
BILL00578,2024-03-25 17:06:00,Croissant,SKU009,4,120,480,Wallet
BILL00579,2024-02-08 01:51:00,Espresso,SKU003,2,150,300,Wallet
BILL00580,2024-03-15 20:45:00,Croissant,SKU009,1,120,120,UPI
BILL00581,2024-01-03 08:19:00,Caramel Macchiato,SKU004,2,220,440,Card
BILL00582,2024-02-25 04:12:00,Mocha,SKU005,1,210,210,Card
BILL00583,2024-03-05 18:08:00,Frappuccino,SKU008,4,250,1000,Card
BILL00584,2024-01-04 05:20:00,Blueberry Muffin,SKU010,2,140,280,Card
BILL00585,2024-01-23 00:39:00,Mocha,SKU005,1,210,210,Card
BILL00586,2024-02-16 15:07:00,Caramel Macchiato,SKU004,3,220,660,Wallet
BILL00587,2024-02-21 09:47:00,Caffè Latte,SKU001,4,180,720,Wallet
BILL00588,2024-02-24 20:14:00,Caffè Latte,SKU001,1,180,180,Card
BILL00589,2024-03-05 17:43:00,Caramel Macchiato,SKU004,4,220,880,UPI
BILL00590,2024-01-04 04:48:00,Iced Americano,SKU007,2,160,320,Wallet
BILL00591,2024-01-06 21:55:00,Caffè Latte,SKU001,2,180,360,Wallet
BILL00592,2024-02-12 03:15:00,Caffè Latte,SKU001,4,180,720,Wallet
BILL00593,2024-03-20 12:07:00,Iced Americano,SKU007,4,160,640,Card
BILL00594,2024-01-30 13:26:00,Espresso,SKU003,2,150,300,Card
BILL00595,2024-03-26 13:32:00,Espresso,SKU003,2,150,300,Cash
BILL00596,2024-01-25 08:41:00,Blueberry Muffin,SKU010,3,140,420,Wallet
BILL00597,2024-03-28 01:50:00,Croissant,SKU009,1,120,120,Card
BILL00598,2024-01-16 01:35:00,Espresso,SKU003,1,150,150,Card
BILL00599,2024-01-27 18:55:00,Caramel Macchiato,SKU004,3,220,660,UPI
BILL00600,2024-03-14 23:01:00,Blueberry Muffin,SKU010,4,140,560,Card
BILL00601,2024-03-11 14:14:00,Caffè Latte,SKU001,4,180,720,Wallet
BILL00602,2024-01-22 06:51:00,Caffè Latte,SKU001,3,180,540,Wallet
BILL00603,2024-03-27 06:23:00,Caramel Macchiato,SKU004,4,220,880,Wallet
BILL00604,2024-01-24 04:27:00,Espresso,SKU003,4,150,600,Cash
BILL00605,2024-03-09 00:31:00,Espresso,SKU003,3,150,450,Card
BILL00606,2024-02-23 21:04:00,Espresso,SKU003,3,150,450,Cash
BILL00607,2024-02-24 15:58:00,Blueberry Muffin,SKU010,2,140,280,Card
BILL00608,2024-01-24 19:59:00,Cappuccino,SKU002,4,170,680,Wallet
BILL00609,2024-02-10 17:34:00,Iced Americano,SKU007,4,160,640,Cash
BILL00610,2024-02-02 14:03:00,Iced Americano,SKU007,1,160,160,Cash
BILL00611,2024-03-28 09:16:00,Espresso,SKU003,2,150,300,Card
BILL00612,2024-02-11 00:28:00,Cappuccino,SKU002,2,170,340,Wallet
BILL00613,2024-02-07 00:20:00,Frappuccino,SKU008,2,250,500,Card
BILL00614,2024-03-28 14:41:00,Blueberry Muffin,SKU010,2,140,280,Card
BILL00615,2024-03-24 10:42:00,Mocha,SKU005,3,210,630,Card
BILL00616,2024-03-06 22:48:00,Espresso,SKU003,3,150,450,Wallet
BILL00617,2024-01-13 03:33:00,Croissant,SKU009,1,120,120,Cash
BILL00618,2024-02-10 23:24:00,Croissant,SKU009,3,120,360,UPI
BILL00619,2024-03-06 18:30:00,Caffè Latte,SKU001,3,180,540,Cash
BILL00620,2024-02-06 08:51:00,Blueberry Muffin,SKU010,4,140,560,Cash
BILL00621,2024-03-27 10:05:00,Frappuccino,SKU008,2,250,500,Cash
BILL00622,2024-02-04 03:21:00,Croissant,SKU009,3,120,360,Card
BILL00623,2024-02-13 02:41:00,Blueberry Muffin,SKU010,3,140,420,Wallet
BILL00624,2024-02-03 19:04:00,Blueberry Muffin,SKU010,1,140,140,UPI
BILL00625,2024-01-15 05:59:00,Croissant,SKU009,1,120,120,Wallet
BILL00626,2024-03-23 11:05:00,Caramel Macchiato,SKU004,4,220,880,Cash
BILL00627,2024-03-03 17:15:00,Cappuccino,SKU002,1,170,170,UPI
BILL00628,2024-03-19 15:32:00,Croissant,SKU009,1,120,120,Card
BILL00629,2024-01-09 21:17:00,Frappuccino,SKU008,2,250,500,Cash
BILL00630,2024-03-11 14:14:00,Espresso,SKU003,4,150,600,Wallet
BILL00631,2024-02-20 12:41:00,Caffè Latte,SKU001,3,180,540,Wallet
BILL00632,2024-03-17 10:47:00,Frappuccino,SKU008,4,250,1000,Cash
BILL00633,2024-03-24 03:51:00,Croissant,SKU009,2,120,240,Cash
BILL00634,2024-02-18 08:59:00,Frappuccino,SKU008,1,250,250,Card
BILL00635,2024-01-13 11:56:00,Mocha,SKU005,4,210,840,Card
BILL00636,2024-02-22 19:48:00,Cold Brew,SKU006,3,200,600,Wallet
BILL00637,2024-03-25 21:23:00,Cold Brew,SKU006,4,200,800,UPI
BILL00638,2024-03-17 21:39:00,Croissant,SKU009,1,120,120,Card
BILL00639,2024-03-30 00:47:00,Iced Americano,SKU007,3,160,480,Card
BILL00640,2024-01-08 09:59:00,Blueberry Muffin,SKU010,2,140,280,UPI
BILL00641,2024-03-29 00:04:00,Caffè Latte,SKU001,3,180,540,UPI
BILL00642,2024-01-21 09:32:00,Caffè Latte,SKU001,3,180,540,Wallet
BILL00643,2024-01-22 01:04:00,Mocha,SKU005,2,210,420,Cash
BILL00644,2024-01-08 10:32:00,Caramel Macchiato,SKU004,2,220,440,Cash
BILL00645,2024-03-28 03:29:00,Blueberry Muffin,SKU010,2,140,280,Wallet
BILL00646,2024-02-08 18:53:00,Caramel Macchiato,SKU004,4,220,880,Card
BILL00647,2024-02-17 04:26:00,Frappuccino,SKU008,1,250,250,UPI
BILL00648,2024-01-30 03:38:00,Frappuccino,SKU008,4,250,1000,Card
BILL00649,2024-03-08 12:45:00,Caramel Macchiato,SKU004,4,220,880,Card
BILL00650,2024-01-28 08:46:00,Caffè Latte,SKU001,3,180,540,UPI
BILL00651,2024-01-13 05:18:00,Blueberry Muffin,SKU010,4,140,560,Wallet
BILL00652,2024-03-04 19:56:00,Frappuccino,SKU008,1,250,250,UPI
BILL00653,2024-01-08 20:45:00,Frappuccino,SKU008,3,250,750,Card
BILL00654,2024-02-26 01:38:00,Blueberry Muffin,SKU010,4,140,560,Wallet
BILL00655,2024-01-04 13:41:00,Blueberry Muffin,SKU010,2,140,280,Wallet
BILL00656,2024-02-28 01:19:00,Iced Americano,SKU007,3,160,480,UPI
BILL00657,2024-01-20 15:46:00,Cappuccino,SKU002,3,170,510,Cash
BILL00658,2024-02-20 15:08:00,Croissant,SKU009,3,120,360,UPI
BILL00659,2024-02-25 06:10:00,Caffè Latte,SKU001,2,180,360,Card
BILL00660,2024-02-09 05:30:00,Mocha,SKU005,1,210,210,Wallet
BILL00661,2024-02-29 21:16:00,Croissant,SKU009,4,120,480,Wallet
BILL00662,2024-03-04 05:40:00,Iced Americano,SKU007,4,160,640,Cash
BILL00663,2024-03-26 11:52:00,Mocha,SKU005,4,210,840,Wallet
BILL00664,2024-01-20 13:20:00,Frappuccino,SKU008,4,250,1000,UPI
BILL00665,2024-01-23 23:09:00,Iced Americano,SKU007,2,160,320,UPI
BILL00666,2024-01-13 19:29:00,Frappuccino,SKU008,2,250,500,UPI
BILL00667,2024-02-26 13:47:00,Croissant,SKU009,1,120,120,UPI
BILL00668,2024-01-10 05:00:00,Frappuccino,SKU008,2,250,500,Cash
BILL00669,2024-03-22 17:44:00,Iced Americano,SKU007,4,160,640,Cash
BILL00670,2024-02-21 07:30:00,Cold Brew,SKU006,1,200,200,UPI
BILL00671,2024-03-13 11:20:00,Blueberry Muffin,SKU010,4,140,560,Card
BILL00672,2024-01-09 05:04:00,Espresso,SKU003,2,150,300,Cash
BILL00673,2024-01-03 18:49:00,Frappuccino,SKU008,2,250,500,Wallet
BILL00674,2024-03-13 15:07:00,Caffè Latte,SKU001,3,180,540,Cash
BILL00675,2024-02-13 05:06:00,Caramel Macchiato,SKU004,4,220,880,Card
BILL00676,2024-02-13 13:45:00,Frappuccino,SKU008,4,250,1000,Card
BILL00677,2024-03-10 06:23:00,Iced Americano,SKU007,1,160,160,Cash
BILL00678,2024-01-25 17:14:00,Blueberry Muffin,SKU010,1,140,140,Card
BILL00679,2024-01-23 23:11:00,Iced Americano,SKU007,3,160,480,Card
BILL00680,2024-01-26 18:30:00,Cold Brew,SKU006,1,200,200,UPI
BILL00681,2024-03-07 09:58:00,Caffè Latte,SKU001,4,180,720,Card
BILL00682,2024-02-05 00:36:00,Cold Brew,SKU006,4,200,800,Card
BILL00683,2024-02-22 11:21:00,Mocha,SKU005,3,210,630,Cash
BILL00684,2024-03-01 18:00:00,Cappuccino,SKU002,1,170,170,UPI
BILL00685,2024-02-07 16:21:00,Cold Brew,SKU006,1,200,200,Cash
BILL00686,2024-01-21 07:59:00,Frappuccino,SKU008,4,250,1000,UPI
BILL00687,2024-03-10 04:29:00,Caffè Latte,SKU001,2,180,360,Cash
BILL00688,2024-03-30 01:31:00,Espresso,SKU003,3,150,450,Wallet
BILL00689,2024-03-29 17:16:00,Cold Brew,SKU006,4,200,800,UPI
BILL00690,2024-03-22 19:59:00,Cappuccino,SKU002,3,170,510,Card
BILL00691,2024-02-23 07:12:00,Iced Americano,SKU007,2,160,320,Card
BILL00692,2024-02-13 23:28:00,Croissant,SKU009,1,120,120,UPI
BILL00693,2024-02-13 16:44:00,Blueberry Muffin,SKU010,2,140,280,Card
BILL00694,2024-03-28 02:34:00,Caffè Latte,SKU001,4,180,720,Cash
BILL00695,2024-03-05 02:41:00,Iced Americano,SKU007,2,160,320,Wallet
BILL00696,2024-01-17 10:01:00,Cappuccino,SKU002,4,170,680,UPI
BILL00697,2024-02-13 21:10:00,Cold Brew,SKU006,4,200,800,Card
BILL00698,2024-03-12 15:16:00,Espresso,SKU003,2,150,300,Wallet
BILL00699,2024-03-24 23:24:00,Caramel Macchiato,SKU004,2,220,440,Cash
BILL00700,2024-02-24 11:28:00,Iced Americano,SKU007,1,160,160,Wallet
BILL00701,2024-03-08 09:15:00,Iced Americano,SKU007,1,160,160,Cash
BILL00702,2024-02-03 08:00:00,Caramel Macchiato,SKU004,1,220,220,UPI
BILL00703,2024-02-21 05:13:00,Frappuccino,SKU008,3,250,750,Card
BILL00704,2024-02-15 12:25:00,Caramel Macchiato,SKU004,4,220,880,UPI
BILL00705,2024-03-10 09:28:00,Espresso,SKU003,3,150,450,UPI
BILL00706,2024-01-26 19:59:00,Cold Brew,SKU006,4,200,800,UPI
BILL00707,2024-01-15 06:39:00,Caffè Latte,SKU001,1,180,180,Cash
BILL00708,2024-02-28 21:50:00,Blueberry Muffin,SKU010,2,140,280,Card
BILL00709,2024-02-27 02:21:00,Espresso,SKU003,3,150,450,UPI
BILL00710,2024-02-27 12:35:00,Iced Americano,SKU007,2,160,320,UPI
BILL00711,2024-01-25 14:47:00,Frappuccino,SKU008,3,250,750,UPI
BILL00712,2024-02-12 23:03:00,Croissant,SKU009,1,120,120,Wallet
BILL00713,2024-03-22 12:53:00,Iced Americano,SKU007,1,160,160,UPI
BILL00714,2024-01-08 18:01:00,Caramel Macchiato,SKU004,2,220,440,Cash
BILL00715,2024-02-12 22:25:00,Blueberry Muffin,SKU010,3,140,420,Wallet
BILL00716,2024-02-04 03:56:00,Cold Brew,SKU006,1,200,200,UPI
BILL00717,2024-02-21 21:23:00,Blueberry Muffin,SKU010,1,140,140,UPI
BILL00718,2024-03-14 06:46:00,Mocha,SKU005,1,210,210,Cash
BILL00719,2024-02-29 13:16:00,Iced Americano,SKU007,2,160,320,Wallet
BILL00720,2024-03-23 01:03:00,Mocha,SKU005,1,210,210,Card
BILL00721,2024-03-19 08:20:00,Caffè Latte,SKU001,2,180,360,Cash
BILL00722,2024-02-26 03:04:00,Caramel Macchiato,SKU004,4,220,880,UPI
BILL00723,2024-03-07 21:41:00,Caffè Latte,SKU001,3,180,540,Wallet
BILL00724,2024-02-24 13:14:00,Croissant,SKU009,4,120,480,Cash
BILL00725,2024-02-14 03:22:00,Cappuccino,SKU002,4,170,680,Cash
BILL00726,2024-02-12 17:43:00,Iced Americano,SKU007,1,160,160,Wallet
BILL00727,2024-01-03 12:30:00,Blueberry Muffin,SKU010,1,140,140,Card
BILL00728,2024-03-24 19:18:00,Espresso,SKU003,3,150,450,Card
BILL00729,2024-03-06 08:32:00,Caffè Latte,SKU001,3,180,540,Card
BILL00730,2024-02-04 23:44:00,Mocha,SKU005,4,210,840,Wallet
BILL00731,2024-02-04 04:41:00,Iced Americano,SKU007,2,160,320,Wallet
BILL00732,2024-02-26 05:20:00,Cappuccino,SKU002,1,170,170,Card
BILL00733,2024-03-06 19:18:00,Caramel Macchiato,SKU004,1,220,220,UPI
BILL00734,2024-03-09 12:56:00,Frappuccino,SKU008,3,250,750,UPI
BILL00735,2024-03-10 14:49:00,Cold Brew,SKU006,4,200,800,Cash
BILL00736,2024-01-21 20:44:00,Caramel Macchiato,SKU004,3,220,660,Cash
BILL00737,2024-01-27 08:52:00,Cappuccino,SKU002,3,170,510,UPI
BILL00738,2024-01-06 08:08:00,Blueberry Muffin,SKU010,2,140,280,Card
BILL00739,2024-03-19 14:53:00,Blueberry Muffin,SKU010,1,140,140,Card
BILL00740,2024-03-03 03:15:00,Espresso,SKU003,2,150,300,UPI
BILL00741,2024-03-17 16:51:00,Caffè Latte,SKU001,3,180,540,Wallet
BILL00742,2024-02-15 09:46:00,Espresso,SKU003,1,150,150,Card
BILL00743,2024-03-15 16:12:00,Blueberry Muffin,SKU010,4,140,560,UPI
BILL00744,2024-01-17 18:04:00,Croissant,SKU009,3,120,360,UPI
BILL00745,2024-03-12 12:16:00,Cold Brew,SKU006,1,200,200,Card
BILL00746,2024-03-03 11:24:00,Espresso,SKU003,4,150,600,Wallet
BILL00747,2024-02-10 20:57:00,Caffè Latte,SKU001,2,180,360,UPI
BILL00748,2024-01-06 21:53:00,Frappuccino,SKU008,1,250,250,Cash
BILL00749,2024-02-23 03:21:00,Caffè Latte,SKU001,3,180,540,Card
BILL00750,2024-03-07 23:04:00,Cold Brew,SKU006,2,200,400,UPI
BILL00751,2024-03-13 03:39:00,Blueberry Muffin,SKU010,2,140,280,Cash
BILL00752,2024-03-26 15:38:00,Cold Brew,SKU006,1,200,200,Cash
BILL00753,2024-01-04 05:15:00,Croissant,SKU009,1,120,120,Wallet
BILL00754,2024-02-14 23:01:00,Caramel Macchiato,SKU004,1,220,220,Wallet
BILL00755,2024-03-19 12:48:00,Caramel Macchiato,SKU004,1,220,220,Wallet
BILL00756,2024-03-23 06:26:00,Blueberry Muffin,SKU010,3,140,420,UPI
BILL00757,2024-02-28 04:13:00,Blueberry Muffin,SKU010,3,140,420,Card
BILL00758,2024-03-07 20:11:00,Croissant,SKU009,4,120,480,Card
BILL00759,2024-03-21 22:46:00,Caffè Latte,SKU001,2,180,360,Cash
BILL00760,2024-01-18 11:53:00,Blueberry Muffin,SKU010,2,140,280,UPI
BILL00761,2024-02-02 09:03:00,Blueberry Muffin,SKU010,4,140,560,Card
BILL00762,2024-01-17 23:01:00,Frappuccino,SKU008,2,250,500,Wallet
BILL00763,2024-03-04 17:58:00,Caramel Macchiato,SKU004,3,220,660,UPI
BILL00764,2024-03-29 07:54:00,Caramel Macchiato,SKU004,3,220,660,Wallet
BILL00765,2024-03-06 19:29:00,Frappuccino,SKU008,3,250,750,Cash
BILL00766,2024-03-04 07:47:00,Frappuccino,SKU008,2,250,500,Card
BILL00767,2024-01-28 18:51:00,Caramel Macchiato,SKU004,1,220,220,Card
BILL00768,2024-03-06 12:39:00,Blueberry Muffin,SKU010,4,140,560,Wallet
BILL00769,2024-03-06 01:03:00,Caramel Macchiato,SKU004,1,220,220,Card
BILL00770,2024-02-03 02:38:00,Caramel Macchiato,SKU004,2,220,440,Cash
BILL00771,2024-01-10 00:36:00,Iced Americano,SKU007,3,160,480,Card
BILL00772,2024-01-19 04:43:00,Mocha,SKU005,3,210,630,Cash
BILL00773,2024-03-04 14:15:00,Cold Brew,SKU006,1,200,200,Card
BILL00774,2024-02-23 21:30:00,Cold Brew,SKU006,3,200,600,UPI
BILL00775,2024-01-16 10:39:00,Cappuccino,SKU002,2,170,340,Cash
BILL00776,2024-01-03 23:15:00,Caffè Latte,SKU001,3,180,540,Cash
BILL00777,2024-03-11 11:26:00,Cappuccino,SKU002,1,170,170,UPI
BILL00778,2024-01-03 23:12:00,Caffè Latte,SKU001,1,180,180,UPI
BILL00779,2024-02-21 23:39:00,Cold Brew,SKU006,3,200,600,UPI
BILL00780,2024-01-17 21:46:00,Mocha,SKU005,3,210,630,Cash
BILL00781,2024-02-25 13:12:00,Croissant,SKU009,4,120,480,Card
BILL00782,2024-02-04 03:01:00,Iced Americano,SKU007,1,160,160,Wallet
BILL00783,2024-02-20 08:01:00,Croissant,SKU009,1,120,120,UPI
BILL00784,2024-02-17 21:35:00,Mocha,SKU005,2,210,420,Cash
BILL00785,2024-01-02 06:32:00,Blueberry Muffin,SKU010,2,140,280,UPI
BILL00786,2024-01-02 11:04:00,Croissant,SKU009,1,120,120,UPI
BILL00787,2024-01-07 00:24:00,Espresso,SKU003,4,150,600,UPI
BILL00788,2024-03-12 18:58:00,Blueberry Muffin,SKU010,4,140,560,Card
BILL00789,2024-02-10 04:16:00,Iced Americano,SKU007,1,160,160,UPI
BILL00790,2024-02-27 03:11:00,Frappuccino,SKU008,2,250,500,Card
BILL00791,2024-02-25 20:25:00,Espresso,SKU003,2,150,300,Card
BILL00792,2024-02-22 15:15:00,Cappuccino,SKU002,3,170,510,Card
BILL00793,2024-02-18 16:08:00,Caffè Latte,SKU001,2,180,360,Wallet
BILL00794,2024-03-01 04:43:00,Blueberry Muffin,SKU010,2,140,280,Cash
BILL00795,2024-02-01 17:10:00,Blueberry Muffin,SKU010,1,140,140,UPI
BILL00796,2024-01-06 22:05:00,Cold Brew,SKU006,3,200,600,Card
BILL00797,2024-03-23 09:11:00,Espresso,SKU003,2,150,300,Wallet
BILL00798,2024-01-30 00:23:00,Blueberry Muffin,SKU010,1,140,140,Wallet
BILL00799,2024-01-22 23:49:00,Cappuccino,SKU002,3,170,510,Cash
BILL00800,2024-03-02 14:42:00,Espresso,SKU003,2,150,300,UPI
BILL00801,2024-03-14 05:05:00,Caramel Macchiato,SKU004,3,220,660,Card
BILL00802,2024-01-23 07:52:00,Cold Brew,SKU006,2,200,400,Card
BILL00803,2024-03-11 05:43:00,Cappuccino,SKU002,4,170,680,UPI
BILL00804,2024-02-15 22:27:00,Caramel Macchiato,SKU004,1,220,220,UPI
BILL00805,2024-03-24 10:02:00,Mocha,SKU005,2,210,420,Cash
BILL00806,2024-02-28 17:35:00,Iced Americano,SKU007,2,160,320,Wallet
BILL00807,2024-03-18 02:16:00,Croissant,SKU009,1,120,120,Wallet
BILL00808,2024-01-04 15:55:00,Croissant,SKU009,4,120,480,UPI
BILL00809,2024-01-07 17:22:00,Espresso,SKU003,1,150,150,Wallet
BILL00810,2024-01-26 23:38:00,Caramel Macchiato,SKU004,2,220,440,Card
BILL00811,2024-03-22 16:39:00,Frappuccino,SKU008,1,250,250,Wallet
BILL00812,2024-01-09 14:48:00,Cappuccino,SKU002,2,170,340,UPI
BILL00813,2024-03-25 17:12:00,Cold Brew,SKU006,4,200,800,Cash
BILL00814,2024-03-01 20:29:00,Frappuccino,SKU008,1,250,250,Cash
BILL00815,2024-01-06 01:11:00,Iced Americano,SKU007,2,160,320,Cash
BILL00816,2024-02-01 11:10:00,Cold Brew,SKU006,4,200,800,UPI
BILL00817,2024-02-19 15:46:00,Frappuccino,SKU008,1,250,250,UPI
BILL00818,2024-03-15 23:42:00,Caffè Latte,SKU001,2,180,360,Cash
BILL00819,2024-01-31 08:37:00,Frappuccino,SKU008,3,250,750,UPI
BILL00820,2024-03-02 07:24:00,Croissant,SKU009,2,120,240,Card
BILL00821,2024-01-05 14:06:00,Espresso,SKU003,4,150,600,UPI
BILL00822,2024-03-05 12:55:00,Caramel Macchiato,SKU004,2,220,440,UPI
BILL00823,2024-03-05 11:48:00,Croissant,SKU009,4,120,480,Card
BILL00824,2024-03-11 02:08:00,Croissant,SKU009,1,120,120,UPI
BILL00825,2024-01-23 02:51:00,Caffè Latte,SKU001,1,180,180,Card
BILL00826,2024-03-29 19:05:00,Iced Americano,SKU007,2,160,320,Card
BILL00827,2024-03-27 21:44:00,Caffè Latte,SKU001,2,180,360,Wallet
BILL00828,2024-03-14 04:34:00,Espresso,SKU003,4,150,600,Card
BILL00829,2024-03-12 04:13:00,Caramel Macchiato,SKU004,1,220,220,Wallet
BILL00830,2024-03-21 21:47:00,Blueberry Muffin,SKU010,4,140,560,Card
BILL00831,2024-03-20 12:16:00,Frappuccino,SKU008,4,250,1000,UPI
BILL00832,2024-01-01 10:30:00,Iced Americano,SKU007,2,160,320,Wallet
BILL00833,2024-01-20 00:28:00,Mocha,SKU005,4,210,840,Cash
BILL00834,2024-01-03 13:56:00,Iced Americano,SKU007,1,160,160,UPI
BILL00835,2024-03-16 21:28:00,Cold Brew,SKU006,2,200,400,UPI
BILL00836,2024-01-19 02:00:00,Iced Americano,SKU007,3,160,480,Card
BILL00837,2024-02-28 13:58:00,Croissant,SKU009,1,120,120,Cash
BILL00838,2024-03-24 16:59:00,Cappuccino,SKU002,4,170,680,UPI
BILL00839,2024-01-25 17:36:00,Espresso,SKU003,4,150,600,UPI
BILL00840,2024-02-02 19:36:00,Blueberry Muffin,SKU010,2,140,280,UPI
BILL00841,2024-03-09 06:21:00,Croissant,SKU009,3,120,360,Cash
BILL00842,2024-02-24 14:13:00,Mocha,SKU005,2,210,420,UPI
BILL00843,2024-03-30 10:57:00,Frappuccino,SKU008,3,250,750,Cash
BILL00844,2024-03-19 09:01:00,Caffè Latte,SKU001,2,180,360,UPI
BILL00845,2024-01-21 15:02:00,Espresso,SKU003,2,150,300,Cash
BILL00846,2024-03-07 20:42:00,Croissant,SKU009,3,120,360,UPI
BILL00847,2024-01-12 05:06:00,Mocha,SKU005,4,210,840,Cash
BILL00848,2024-02-11 01:38:00,Croissant,SKU009,2,120,240,Wallet
BILL00849,2024-02-18 14:19:00,Iced Americano,SKU007,2,160,320,Card
BILL00850,2024-03-20 12:24:00,Cold Brew,SKU006,1,200,200,Wallet
BILL00851,2024-03-12 05:23:00,Iced Americano,SKU007,4,160,640,Wallet
BILL00852,2024-01-02 10:53:00,Mocha,SKU005,1,210,210,Card
BILL00853,2024-01-24 20:37:00,Iced Americano,SKU007,3,160,480,UPI
BILL00854,2024-03-08 21:38:00,Croissant,SKU009,4,120,480,Card
BILL00855,2024-01-12 07:18:00,Cappuccino,SKU002,3,170,510,Card
BILL00856,2024-02-09 03:21:00,Caramel Macchiato,SKU004,1,220,220,Wallet
BILL00857,2024-03-11 20:46:00,Cappuccino,SKU002,4,170,680,Wallet
BILL00858,2024-03-27 16:40:00,Frappuccino,SKU008,4,250,1000,Cash
BILL00859,2024-02-28 02:16:00,Cappuccino,SKU002,2,170,340,Cash
BILL00860,2024-02-02 22:42:00,Blueberry Muffin,SKU010,1,140,140,Wallet
BILL00861,2024-01-26 10:15:00,Blueberry Muffin,SKU010,3,140,420,Cash
BILL00862,2024-03-13 14:29:00,Iced Americano,SKU007,2,160,320,UPI
BILL00863,2024-02-17 09:13:00,Cappuccino,SKU002,2,170,340,UPI
BILL00864,2024-01-22 17:23:00,Caramel Macchiato,SKU004,2,220,440,Card
BILL00865,2024-02-10 10:51:00,Espresso,SKU003,1,150,150,Cash
BILL00866,2024-02-20 05:50:00,Iced Americano,SKU007,2,160,320,Card
BILL00867,2024-03-05 09:14:00,Croissant,SKU009,3,120,360,Wallet
BILL00868,2024-01-02 12:33:00,Frappuccino,SKU008,4,250,1000,Wallet
BILL00869,2024-01-06 11:47:00,Cold Brew,SKU006,3,200,600,Card
BILL00870,2024-03-11 16:46:00,Espresso,SKU003,1,150,150,Card
BILL00871,2024-03-14 17:04:00,Cold Brew,SKU006,1,200,200,Cash
BILL00872,2024-01-05 21:52:00,Caramel Macchiato,SKU004,2,220,440,UPI
BILL00873,2024-03-03 17:41:00,Espresso,SKU003,1,150,150,Cash
BILL00874,2024-01-19 17:28:00,Blueberry Muffin,SKU010,4,140,560,Wallet
BILL00875,2024-01-16 10:10:00,Cold Brew,SKU006,2,200,400,Card
BILL00876,2024-02-23 10:10:00,Espresso,SKU003,2,150,300,UPI
BILL00877,2024-03-15 21:58:00,Blueberry Muffin,SKU010,3,140,420,Wallet
BILL00878,2024-02-09 20:00:00,Blueberry Muffin,SKU010,4,140,560,Card
BILL00879,2024-01-30 05:04:00,Caramel Macchiato,SKU004,2,220,440,Cash
BILL00880,2024-03-22 13:02:00,Blueberry Muffin,SKU010,2,140,280,UPI
BILL00881,2024-02-12 11:42:00,Cold Brew,SKU006,4,200,800,UPI
BILL00882,2024-03-29 11:17:00,Iced Americano,SKU007,4,160,640,Card
BILL00883,2024-01-30 12:15:00,Espresso,SKU003,3,150,450,Wallet
BILL00884,2024-03-22 17:47:00,Caramel Macchiato,SKU004,2,220,440,Card
BILL00885,2024-01-11 16:02:00,Iced Americano,SKU007,2,160,320,Cash
BILL00886,2024-02-14 08:04:00,Iced Americano,SKU007,2,160,320,Wallet
BILL00887,2024-02-22 12:05:00,Frappuccino,SKU008,2,250,500,Card
BILL00888,2024-01-10 13:00:00,Croissant,SKU009,2,120,240,Card
BILL00889,2024-02-26 04:18:00,Iced Americano,SKU007,1,160,160,Card
BILL00890,2024-03-17 00:32:00,Caffè Latte,SKU001,1,180,180,UPI
BILL00891,2024-03-02 18:42:00,Frappuccino,SKU008,3,250,750,Cash
BILL00892,2024-02-03 08:27:00,Frappuccino,SKU008,4,250,1000,Card
BILL00893,2024-03-07 21:12:00,Espresso,SKU003,1,150,150,Wallet
BILL00894,2024-02-28 11:30:00,Caffè Latte,SKU001,4,180,720,Card
BILL00895,2024-01-15 02:29:00,Mocha,SKU005,2,210,420,UPI
BILL00896,2024-02-27 17:44:00,Croissant,SKU009,1,120,120,UPI
BILL00897,2024-01-11 08:39:00,Blueberry Muffin,SKU010,2,140,280,Card
BILL00898,2024-03-22 08:04:00,Cold Brew,SKU006,1,200,200,Card
BILL00899,2024-03-20 11:47:00,Caramel Macchiato,SKU004,3,220,660,UPI
BILL00900,2024-03-30 07:49:00,Caramel Macchiato,SKU004,4,220,880,Card
BILL00901,2024-03-18 20:38:00,Iced Americano,SKU007,2,160,320,Wallet
BILL00902,2024-01-11 20:21:00,Iced Americano,SKU007,2,160,320,UPI
BILL00903,2024-03-21 12:03:00,Espresso,SKU003,2,150,300,Cash
BILL00904,2024-03-07 12:24:00,Mocha,SKU005,1,210,210,Cash
BILL00905,2024-01-08 23:47:00,Croissant,SKU009,2,120,240,Cash
BILL00906,2024-01-19 04:26:00,Caffè Latte,SKU001,4,180,720,Wallet
BILL00907,2024-01-20 23:03:00,Blueberry Muffin,SKU010,3,140,420,Cash
BILL00908,2024-02-11 12:56:00,Iced Americano,SKU007,2,160,320,UPI
BILL00909,2024-02-20 14:13:00,Frappuccino,SKU008,2,250,500,Card
BILL00910,2024-01-21 00:16:00,Mocha,SKU005,4,210,840,Cash
BILL00911,2024-03-08 09:44:00,Blueberry Muffin,SKU010,4,140,560,Wallet
BILL00912,2024-01-02 21:28:00,Cappuccino,SKU002,1,170,170,UPI
BILL00913,2024-03-29 23:48:00,Espresso,SKU003,3,150,450,Cash
BILL00914,2024-02-15 01:54:00,Mocha,SKU005,4,210,840,Card
BILL00915,2024-03-30 16:42:00,Caramel Macchiato,SKU004,2,220,440,Wallet
BILL00916,2024-01-26 18:48:00,Espresso,SKU003,4,150,600,UPI
BILL00917,2024-01-01 10:25:00,Mocha,SKU005,2,210,420,Card
BILL00918,2024-01-17 01:36:00,Caramel Macchiato,SKU004,4,220,880,UPI
BILL00919,2024-02-13 19:24:00,Cappuccino,SKU002,3,170,510,Wallet
BILL00920,2024-03-05 10:14:00,Mocha,SKU005,4,210,840,UPI
BILL00921,2024-02-27 03:57:00,Iced Americano,SKU007,3,160,480,Cash
BILL00922,2024-01-27 21:11:00,Caramel Macchiato,SKU004,3,220,660,Card
BILL00923,2024-02-24 01:18:00,Espresso,SKU003,2,150,300,Wallet
BILL00924,2024-02-26 13:52:00,Cappuccino,SKU002,3,170,510,Cash
BILL00925,2024-02-09 00:08:00,Iced Americano,SKU007,4,160,640,UPI
BILL00926,2024-03-07 03:34:00,Iced Americano,SKU007,2,160,320,Cash
BILL00927,2024-03-14 03:09:00,Cold Brew,SKU006,2,200,400,UPI
BILL00928,2024-01-06 16:40:00,Blueberry Muffin,SKU010,3,140,420,UPI
BILL00929,2024-02-11 14:28:00,Espresso,SKU003,2,150,300,Cash
BILL00930,2024-03-14 07:33:00,Espresso,SKU003,4,150,600,Card
BILL00931,2024-03-05 10:27:00,Blueberry Muffin,SKU010,1,140,140,Card
BILL00932,2024-01-14 02:24:00,Cappuccino,SKU002,1,170,170,Card
BILL00933,2024-01-04 18:34:00,Caffè Latte,SKU001,1,180,180,UPI
BILL00934,2024-02-07 13:17:00,Mocha,SKU005,3,210,630,Card
BILL00935,2024-01-15 23:52:00,Frappuccino,SKU008,3,250,750,Cash
BILL00936,2024-01-04 23:18:00,Cold Brew,SKU006,2,200,400,Card
BILL00937,2024-01-25 04:27:00,Croissant,SKU009,1,120,120,Wallet
BILL00938,2024-03-22 22:58:00,Espresso,SKU003,2,150,300,Card
BILL00939,2024-02-23 15:46:00,Blueberry Muffin,SKU010,3,140,420,UPI
BILL00940,2024-01-24 13:35:00,Espresso,SKU003,3,150,450,Wallet
BILL00941,2024-01-28 10:25:00,Caramel Macchiato,SKU004,4,220,880,Card
BILL00942,2024-03-15 14:28:00,Caramel Macchiato,SKU004,3,220,660,Wallet
BILL00943,2024-03-08 22:11:00,Croissant,SKU009,4,120,480,UPI
BILL00944,2024-02-20 21:37:00,Croissant,SKU009,2,120,240,Card
BILL00945,2024-01-02 13:30:00,Frappuccino,SKU008,1,250,250,Cash
BILL00946,2024-01-26 07:14:00,Frappuccino,SKU008,2,250,500,Wallet
BILL00947,2024-02-13 19:38:00,Cold Brew,SKU006,1,200,200,Card
BILL00948,2024-02-14 18:42:00,Caramel Macchiato,SKU004,1,220,220,Card
BILL00949,2024-01-12 20:21:00,Mocha,SKU005,1,210,210,Card
BILL00950,2024-03-08 06:40:00,Frappuccino,SKU008,4,250,1000,UPI
BILL00951,2024-01-04 11:08:00,Frappuccino,SKU008,3,250,750,Card
BILL00952,2024-03-24 08:44:00,Caffè Latte,SKU001,2,180,360,UPI
BILL00953,2024-02-02 19:03:00,Caramel Macchiato,SKU004,3,220,660,UPI
BILL00954,2024-01-24 08:46:00,Blueberry Muffin,SKU010,1,140,140,Wallet
BILL00955,2024-01-30 01:34:00,Caffè Latte,SKU001,3,180,540,Wallet
BILL00956,2024-02-06 09:52:00,Espresso,SKU003,2,150,300,Wallet
BILL00957,2024-01-17 00:00:00,Espresso,SKU003,1,150,150,UPI
BILL00958,2024-01-19 11:41:00,Croissant,SKU009,4,120,480,UPI
BILL00959,2024-02-19 03:25:00,Cappuccino,SKU002,4,170,680,Cash
BILL00960,2024-01-20 09:23:00,Iced Americano,SKU007,2,160,320,Card
BILL00961,2024-03-22 16:16:00,Espresso,SKU003,4,150,600,Card
BILL00962,2024-03-30 05:51:00,Blueberry Muffin,SKU010,4,140,560,Cash
BILL00963,2024-03-05 10:01:00,Blueberry Muffin,SKU010,4,140,560,UPI
BILL00964,2024-01-31 10:52:00,Croissant,SKU009,4,120,480,UPI
BILL00965,2024-02-13 15:51:00,Caffè Latte,SKU001,1,180,180,Wallet
BILL00966,2024-03-18 23:30:00,Blueberry Muffin,SKU010,3,140,420,Cash
BILL00967,2024-03-06 11:09:00,Cappuccino,SKU002,2,170,340,UPI
BILL00968,2024-03-15 07:56:00,Frappuccino,SKU008,2,250,500,UPI
BILL00969,2024-02-20 17:24:00,Cold Brew,SKU006,2,200,400,Wallet
BILL00970,2024-01-18 10:10:00,Croissant,SKU009,1,120,120,Cash
BILL00971,2024-02-27 23:16:00,Caramel Macchiato,SKU004,4,220,880,Cash
BILL00972,2024-01-28 21:38:00,Espresso,SKU003,2,150,300,Card
BILL00973,2024-02-26 17:50:00,Iced Americano,SKU007,4,160,640,UPI
BILL00974,2024-02-05 07:51:00,Croissant,SKU009,2,120,240,UPI
BILL00975,2024-02-16 06:08:00,Espresso,SKU003,2,150,300,Wallet
BILL00976,2024-02-11 00:11:00,Iced Americano,SKU007,1,160,160,Cash
BILL00977,2024-02-21 13:21:00,Frappuccino,SKU008,1,250,250,Wallet
BILL00978,2024-03-26 21:52:00,Mocha,SKU005,2,210,420,Card
BILL00979,2024-01-26 18:42:00,Mocha,SKU005,4,210,840,Wallet
BILL00980,2024-01-19 15:16:00,Espresso,SKU003,4,150,600,UPI
BILL00981,2024-01-20 06:05:00,Cappuccino,SKU002,3,170,510,Cash
BILL00982,2024-03-04 07:51:00,Mocha,SKU005,1,210,210,Wallet
BILL00983,2024-01-26 10:38:00,Caramel Macchiato,SKU004,1,220,220,UPI
BILL00984,2024-01-23 18:23:00,Iced Americano,SKU007,4,160,640,Cash
BILL00985,2024-03-18 02:28:00,Espresso,SKU003,2,150,300,Cash
BILL00986,2024-01-26 04:35:00,Croissant,SKU009,4,120,480,Card
BILL00987,2024-01-10 23:46:00,Cappuccino,SKU002,3,170,510,Card
BILL00988,2024-02-28 00:04:00,Espresso,SKU003,2,150,300,Cash
BILL00989,2024-02-18 20:52:00,Cappuccino,SKU002,4,170,680,Card
BILL00990,2024-02-19 05:36:00,Iced Americano,SKU007,1,160,160,UPI
BILL00991,2024-02-20 04:04:00,Iced Americano,SKU007,4,160,640,Cash
BILL00992,2024-03-28 06:51:00,Blueberry Muffin,SKU010,1,140,140,Wallet
BILL00993,2024-01-14 07:46:00,Frappuccino,SKU008,1,250,250,Wallet
BILL00994,2024-01-03 05:15:00,Cappuccino,SKU002,4,170,680,Cash
BILL00995,2024-01-29 03:12:00,Cappuccino,SKU002,2,170,340,UPI
BILL00996,2024-01-01 17:50:00,Cold Brew,SKU006,1,200,200,Cash
BILL00997,2024-02-19 03:31:00,Cappuccino,SKU002,1,170,170,Wallet
BILL00998,2024-03-08 02:02:00,Frappuccino,SKU008,2,250,500,UPI
BILL00999,2024-03-28 16:44:00,Caffè Latte,SKU001,1,180,180,Wallet
BILL01000,2024-02-29 21:39:00,Cappuccino,SKU002,4,170,680,UPI